change_id,subscription_id,customer_id,change_date,old_plan_id,new_plan_id,old_mrr,new_mrr
pc_000001,sub_000077,cus_000077,2025-02-21,price_starter_m,price_starter_y,9,7.5
pc_000002,sub_000093,cus_000093,2025-02-04,price_starter_y,price_pro_y,7.5,24.17
pc_000003,sub_000150,cus_000150,2025-02-27,price_free,price_pro_m,0,29
pc_000004,sub_000098,cus_000098,2025-03-09,price_pro_m,price_pro_y,29,24.17
pc_000005,sub_000105,cus_000105,2025-03-20,price_starter_m,price_starter_y,9,7.5
pc_000006,sub_000120,cus_000120,2025-03-25,price_pro_y,price_enterprise_m,24.17,299
pc_000007,sub_000143,cus_000143,2025-03-27,price_free,price_enterprise_m,0,299
pc_000008,sub_000151,cus_000151,2025-03-22,price_business_y,price_business_m,82.5,99
pc_000009,sub_000156,cus_000156,2025-03-16,price_business_m,price_pro_y,99,24.17
pc_000010,sub_000164,cus_000164,2025-03-23,price_starter_y,price_pro_m,7.5,29
pc_000011,sub_000172,cus_000172,2025-03-04,price_pro_y,price_business_m,24.17,99
pc_000012,sub_000190,cus_000190,2025-03-21,price_starter_m,price_starter_y,9,7.5
pc_000013,sub_000193,cus_000193,2025-03-22,price_starter_m,price_business_m,9,99
pc_000014,sub_000216,cus_000216,2025-03-25,price_starter_m,price_enterprise_m,9,299
pc_000015,sub_000217,cus_000217,2025-03-26,price_pro_m,price_starter_m,29,9
pc_000016,sub_000229,cus_000229,2025-03-29,price_starter_m,price_starter_y,9,7.5
pc_000017,sub_000333,cus_000333,2025-03-27,price_free,price_starter_m,0,9
pc_000018,sub_000338,cus_000338,2025-03-30,price_enterprise_m,price_pro_y,299,24.17
pc_000019,sub_000345,cus_000345,2025-03-24,price_business_m,price_pro_m,99,29
pc_000020,sub_000038,cus_000038,2025-04-26,price_business_m,price_enterprise_m,99,299
pc_000021,sub_000070,cus_000070,2025-04-03,price_starter_m,price_business_y,9,82.5
pc_000022,sub_000150,cus_000150,2025-04-22,price_pro_m,price_starter_m,29,9
pc_000023,sub_000182,cus_000182,2025-04-20,price_starter_m,price_pro_m,9,29
pc_000024,sub_000185,cus_000185,2025-04-07,price_starter_m,price_pro_y,9,24.17
pc_000025,sub_000221,cus_000221,2025-04-28,price_business_m,price_business_y,99,82.5
pc_000026,sub_000252,cus_000252,2025-04-15,price_starter_m,price_pro_y,9,24.17
pc_000027,sub_000282,cus_000282,2025-04-19,price_pro_m,price_business_m,29,99
pc_000028,sub_000288,cus_000288,2025-04-05,price_starter_m,price_starter_y,9,7.5
pc_000029,sub_000328,cus_000328,2025-04-17,price_pro_m,price_enterprise_m,29,299
pc_000030,sub_000347,cus_000347,2025-04-18,price_starter_m,price_pro_y,9,24.17
pc_000031,sub_000372,cus_000372,2025-04-02,price_starter_m,price_pro_y,9,24.17
pc_000032,sub_000400,cus_000400,2025-04-05,price_pro_m,price_starter_m,29,9
pc_000033,sub_000435,cus_000435,2025-04-19,price_starter_m,price_pro_m,9,29
pc_000034,sub_000436,cus_000436,2025-04-13,price_business_m,price_enterprise_m,99,299
pc_000035,sub_000454,cus_000454,2025-04-24,price_starter_m,price_business_m,9,99
pc_000036,sub_000482,cus_000482,2025-04-09,price_pro_m,price_business_m,29,99
pc_000037,sub_000520,cus_000520,2025-04-05,price_pro_m,price_starter_y,29,7.5
pc_000038,sub_000028,cus_000028,2025-05-31,price_starter_m,price_business_m,9,99
pc_000039,sub_000038,cus_000038,2025-05-15,price_enterprise_m,price_starter_m,299,9
pc_000040,sub_000126,cus_000126,2025-05-07,price_starter_m,price_starter_y,9,7.5
pc_000041,sub_000142,cus_000142,2025-05-29,price_starter_m,price_pro_y,9,24.17
pc_000042,sub_000160,cus_000160,2025-05-02,price_starter_m,price_starter_y,9,7.5
pc_000043,sub_000187,cus_000187,2025-05-14,price_pro_m,price_starter_m,29,9
pc_000044,sub_000228,cus_000228,2025-05-07,price_pro_m,price_business_y,29,82.5
pc_000045,sub_000292,cus_000292,2025-05-22,price_pro_m,price_starter_y,29,7.5
pc_000046,sub_000322,cus_000322,2025-05-31,price_pro_m,price_business_y,29,82.5
pc_000047,sub_000335,cus_000335,2025-05-07,price_starter_y,price_pro_y,7.5,24.17
pc_000048,sub_000376,cus_000376,2025-05-23,price_pro_m,price_business_m,29,99
pc_000049,sub_000378,cus_000378,2025-05-13,price_free,price_starter_m,0,9
pc_000050,sub_000395,cus_000395,2025-05-05,price_free,price_starter_m,0,9
pc_000051,sub_000447,cus_000447,2025-05-15,price_pro_m,price_business_m,29,99
pc_000052,sub_000480,cus_000480,2025-05-12,price_free,price_business_y,0,82.5
pc_000053,sub_000503,cus_000503,2025-05-27,price_pro_y,price_pro_m,24.17,29
pc_000054,sub_000519,cus_000519,2025-05-28,price_pro_y,price_business_y,24.17,82.5
pc_000055,sub_000554,cus_000554,2025-05-12,price_business_m,price_enterprise_m,99,299
pc_000056,sub_000564,cus_000564,2025-05-12,price_starter_m,price_starter_y,9,7.5
pc_000057,sub_000644,cus_000644,2025-05-02,price_free,price_enterprise_m,0,299
pc_000058,sub_000667,cus_000667,2025-05-06,price_pro_m,price_business_m,29,99
pc_000059,sub_000750,cus_000750,2025-05-06,price_pro_m,price_starter_m,29,9
pc_000060,sub_000001,cus_000001,2025-06-21,price_starter_m,price_starter_y,9,7.5
pc_000061,sub_000015,cus_000015,2025-06-02,price_starter_m,price_business_m,9,99
pc_000062,sub_000016,cus_000016,2025-06-23,price_starter_m,price_business_y,9,82.5
pc_000063,sub_000025,cus_000025,2025-06-24,price_pro_m,price_starter_m,29,9
pc_000064,sub_000031,cus_000031,2025-06-27,price_free,price_business_y,0,82.5
pc_000065,sub_000074,cus_000074,2025-06-22,price_starter_m,price_business_m,9,99
pc_000066,sub_000084,cus_000084,2025-06-19,price_starter_m,price_pro_m,9,29
pc_000067,sub_000095,cus_000095,2025-06-12,price_pro_m,price_starter_y,29,7.5
pc_000068,sub_000108,cus_000108,2025-06-29,price_starter_m,price_starter_y,9,7.5
pc_000069,sub_000121,cus_000121,2025-06-09,price_free,price_business_m,0,99
pc_000070,sub_000133,cus_000133,2025-06-26,price_starter_y,price_enterprise_m,7.5,299
pc_000071,sub_000165,cus_000165,2025-06-14,price_pro_m,price_starter_y,29,7.5
pc_000072,sub_000204,cus_000204,2025-06-16,price_free,price_pro_m,0,29
pc_000073,sub_000291,cus_000291,2025-06-05,price_pro_y,price_starter_m,24.17,9
pc_000074,sub_000400,cus_000400,2025-06-04,price_starter_m,price_business_m,9,99
pc_000075,sub_000439,cus_000439,2025-06-28,price_starter_m,price_pro_m,9,29
pc_000076,sub_000446,cus_000446,2025-06-21,price_starter_m,price_pro_m,9,29
pc_000077,sub_000473,cus_000473,2025-06-22,price_starter_y,price_pro_m,7.5,29
pc_000078,sub_000745,cus_000745,2025-06-17,price_business_m,price_starter_y,99,7.5
pc_000079,sub_000800,cus_000799,2025-06-16,price_pro_m,price_enterprise_m,29,299
pc_000080,sub_000829,cus_000828,2025-06-23,price_starter_m,price_business_m,9,99
pc_000081,sub_000833,cus_000832,2025-06-23,price_free,price_starter_m,0,9
pc_000082,sub_000875,cus_000874,2025-06-03,price_free,price_pro_y,0,24.17
pc_000083,sub_000911,cus_000910,2025-06-03,price_free,price_business_y,0,82.5
pc_000084,sub_000963,cus_000962,2025-06-29,price_free,price_pro_y,0,24.17
pc_000085,sub_000964,cus_000963,2025-06-08,price_starter_y,price_pro_y,7.5,24.17
pc_000086,sub_000979,cus_000978,2025-06-11,price_business_m,price_enterprise_m,99,299
pc_000087,sub_001000,cus_000999,2025-06-27,price_pro_m,price_pro_y,29,24.17
pc_000088,sub_000055,cus_000055,2025-07-11,price_free,price_starter_m,0,9
pc_000089,sub_000056,cus_000056,2025-07-23,price_free,price_business_y,0,82.5
pc_000090,sub_000064,cus_000064,2025-07-26,price_starter_m,price_starter_y,9,7.5
pc_000091,sub_000070,cus_000070,2025-07-10,price_business_y,price_starter_m,82.5,9
pc_000092,sub_000098,cus_000098,2025-07-31,price_pro_y,price_starter_m,24.17,9
pc_000093,sub_000147,cus_000147,2025-07-06,price_pro_m,price_business_y,29,82.5
pc_000094,sub_000214,cus_000214,2025-07-29,price_business_m,price_enterprise_m,99,299
pc_000095,sub_000226,cus_000226,2025-07-15,price_starter_m,price_starter_y,9,7.5
pc_000096,sub_000230,cus_000230,2025-07-05,price_starter_m,price_starter_y,9,7.5
pc_000097,sub_000241,cus_000241,2025-07-01,price_free,price_starter_m,0,9
pc_000098,sub_000242,cus_000242,2025-07-01,price_business_m,price_enterprise_m,99,299
pc_000099,sub_000306,cus_000306,2025-07-16,price_starter_m,price_starter_y,9,7.5
pc_000100,sub_000313,cus_000313,2025-07-25,price_free,price_business_m,0,99
pc_000101,sub_000344,cus_000344,2025-07-03,price_pro_m,price_business_y,29,82.5
pc_000102,sub_000355,cus_000355,2025-07-24,price_business_m,price_pro_y,99,24.17
pc_000103,sub_000367,cus_000367,2025-07-15,price_free,price_pro_m,0,29
pc_000104,sub_000440,cus_000440,2025-07-31,price_business_m,price_enterprise_m,99,299
pc_000105,sub_000530,cus_000530,2025-07-22,price_enterprise_m,price_starter_y,299,7.5
pc_000106,sub_000540,cus_000540,2025-07-18,price_business_m,price_enterprise_m,99,299
pc_000107,sub_000552,cus_000552,2025-07-24,price_business_m,price_pro_y,99,24.17
pc_000108,sub_000610,cus_000610,2025-07-05,price_starter_m,price_business_m,9,99
pc_000109,sub_000670,cus_000670,2025-07-18,price_pro_m,price_starter_y,29,7.5
pc_000110,sub_000677,cus_000677,2025-07-25,price_free,price_starter_y,0,7.5
pc_000111,sub_000692,cus_000692,2025-07-26,price_pro_m,price_enterprise_m,29,299
pc_000112,sub_000729,cus_000729,2025-07-08,price_enterprise_m,price_starter_y,299,7.5
pc_000113,sub_000756,cus_000756,2025-07-20,price_free,price_starter_y,0,7.5
pc_000114,sub_000774,cus_000773,2025-07-23,price_starter_m,price_business_y,9,82.5
pc_000115,sub_000811,cus_000810,2025-07-25,price_pro_m,price_business_y,29,82.5
pc_000116,sub_000957,cus_000956,2025-07-27,price_pro_m,price_business_y,29,82.5
pc_000117,sub_001015,cus_001012,2025-07-21,price_business_m,price_pro_y,99,24.17
pc_000118,sub_001021,cus_001018,2025-07-03,price_starter_m,price_business_m,9,99
pc_000119,sub_001051,cus_001048,2025-07-17,price_starter_y,price_pro_m,7.5,29
pc_000120,sub_001059,cus_001056,2025-07-09,price_starter_m,price_starter_y,9,7.5
pc_000121,sub_001065,cus_001062,2025-07-26,price_business_y,price_pro_m,82.5,29
pc_000122,sub_001069,cus_001066,2025-07-14,price_pro_y,price_starter_y,24.17,7.5
pc_000123,sub_001147,cus_001144,2025-07-26,price_pro_m,price_starter_y,29,7.5
pc_000124,sub_001154,cus_001151,2025-07-23,price_starter_m,price_enterprise_m,9,299
pc_000125,sub_001171,cus_001168,2025-07-26,price_starter_m,price_pro_y,9,24.17
pc_000126,sub_001191,cus_001188,2025-07-08,price_free,price_business_y,0,82.5
pc_000127,sub_001199,cus_001196,2025-07-26,price_starter_m,price_starter_y,9,7.5
pc_000128,sub_000010,cus_000010,2025-08-15,price_free,price_pro_y,0,24.17
pc_000129,sub_000013,cus_000013,2025-08-24,price_free,price_enterprise_m,0,299
pc_000130,sub_000101,cus_000101,2025-08-24,price_free,price_business_y,0,82.5
pc_000131,sub_000133,cus_000133,2025-08-02,price_enterprise_m,price_pro_y,299,24.17
pc_000132,sub_000147,cus_000147,2025-08-02,price_business_y,price_business_m,82.5,99
pc_000133,sub_000165,cus_000165,2025-08-03,price_starter_y,price_pro_y,7.5,24.17
pc_000134,sub_000173,cus_000173,2025-08-29,price_starter_m,price_starter_y,9,7.5
pc_000135,sub_000240,cus_000240,2025-08-29,price_business_m,price_enterprise_m,99,299
pc_000136,sub_000297,cus_000297,2025-08-16,price_free,price_starter_y,0,7.5
pc_000137,sub_000352,cus_000352,2025-08-22,price_pro_m,price_pro_y,29,24.17
pc_000138,sub_000419,cus_000419,2025-08-05,price_pro_m,price_business_y,29,82.5
pc_000139,sub_000490,cus_000490,2025-08-06,price_enterprise_m,price_starter_m,299,9
pc_000140,sub_000556,cus_000556,2025-08-11,price_pro_m,price_business_y,29,82.5
pc_000141,sub_000581,cus_000581,2025-08-18,price_pro_m,price_enterprise_m,29,299
pc_000142,sub_000663,cus_000663,2025-08-16,price_business_m,price_enterprise_m,99,299
pc_000143,sub_000693,cus_000693,2025-08-11,price_starter_m,price_enterprise_m,9,299
pc_000144,sub_000793,cus_000792,2025-08-31,price_pro_m,price_starter_m,29,9
pc_000145,sub_000795,cus_000794,2025-08-08,price_pro_m,price_starter_y,29,7.5
pc_000146,sub_000825,cus_000824,2025-08-26,price_pro_m,price_enterprise_m,29,299
pc_000147,sub_000870,cus_000869,2025-08-27,price_pro_y,price_business_y,24.17,82.5
pc_000148,sub_000875,cus_000874,2025-08-20,price_pro_y,price_starter_y,24.17,7.5
pc_000149,sub_000886,cus_000885,2025-08-23,price_free,price_pro_y,0,24.17
pc_000150,sub_000918,cus_000917,2025-08-22,price_starter_y,price_business_y,7.5,82.5
pc_000151,sub_000949,cus_000948,2025-08-16,price_starter_m,price_pro_m,9,29
pc_000152,sub_001021,cus_001018,2025-08-31,price_business_m,price_pro_y,99,24.17
pc_000153,sub_001026,cus_001023,2025-08-07,price_business_m,price_starter_m,99,9
pc_000154,sub_001146,cus_001143,2025-08-20,price_starter_m,price_starter_y,9,7.5
pc_000155,sub_001171,cus_001168,2025-08-17,price_pro_y,price_starter_y,24.17,7.5
pc_000156,sub_001201,cus_001198,2025-08-08,price_free,price_pro_y,0,24.17
pc_000157,sub_001265,cus_001262,2025-08-01,price_free,price_business_m,0,99
pc_000158,sub_001282,cus_001279,2025-08-06,price_starter_m,price_enterprise_m,9,299
pc_000159,sub_001326,cus_001323,2025-08-28,price_pro_m,price_business_m,29,99
pc_000160,sub_001363,cus_001360,2025-08-03,price_pro_m,price_enterprise_m,29,299
pc_000161,sub_001371,cus_001368,2025-08-22,price_free,price_pro_y,0,24.17
pc_000162,sub_000002,cus_000002,2025-09-19,price_pro_m,price_starter_m,29,9
pc_000163,sub_000024,cus_000024,2025-09-28,price_starter_m,price_pro_y,9,24.17
pc_000164,sub_000089,cus_000089,2025-09-22,price_starter_m,price_starter_y,9,7.5
pc_000165,sub_000104,cus_000104,2025-09-24,price_free,price_business_m,0,99
pc_000166,sub_000269,cus_000269,2025-09-24,price_business_m,price_enterprise_m,99,299
pc_000167,sub_000274,cus_000274,2025-09-21,price_free,price_enterprise_m,0,299
pc_000168,sub_000290,cus_000290,2025-09-15,price_starter_m,price_enterprise_m,9,299
pc_000169,sub_000334,cus_000334,2025-09-04,price_free,price_pro_m,0,29
pc_000170,sub_000354,cus_000354,2025-09-30,price_enterprise_m,price_pro_m,299,29
pc_000171,sub_000398,cus_000398,2025-09-05,price_pro_m,price_starter_y,29,7.5
pc_000172,sub_000416,cus_000416,2025-09-05,price_pro_m,price_business_m,29,99
pc_000173,sub_000434,cus_000434,2025-09-16,price_free,price_pro_m,0,29
pc_000174,sub_000446,cus_000446,2025-09-18,price_pro_m,price_business_y,29,82.5
pc_000175,sub_000473,cus_000473,2025-09-08,price_pro_m,price_business_y,29,82.5
pc_000176,sub_000485,cus_000485,2025-09-14,price_starter_m,price_pro_m,9,29
pc_000177,sub_000524,cus_000524,2025-09-18,price_starter_y,price_business_y,7.5,82.5
pc_000178,sub_000530,cus_000530,2025-09-22,price_starter_y,price_business_y,7.5,82.5
pc_000179,sub_000532,cus_000532,2025-09-06,price_pro_m,price_enterprise_m,29,299
pc_000180,sub_000538,cus_000538,2025-09-13,price_business_m,price_pro_y,99,24.17
pc_000181,sub_000540,cus_000540,2025-09-24,price_enterprise_m,price_pro_y,299,24.17
pc_000182,sub_000577,cus_000577,2025-09-24,price_starter_m,price_pro_m,9,29
pc_000183,sub_000673,cus_000673,2025-09-06,price_free,price_business_y,0,82.5
pc_000184,sub_000680,cus_000680,2025-09-05,price_pro_m,price_business_y,29,82.5
pc_000185,sub_000698,cus_000698,2025-09-29,price_starter_m,price_business_y,9,82.5
pc_000186,sub_000714,cus_000714,2025-09-06,price_pro_m,price_starter_y,29,7.5
pc_000187,sub_000717,cus_000717,2025-09-20,price_pro_m,price_business_y,29,82.5
pc_000188,sub_000725,cus_000725,2025-09-15,price_enterprise_m,price_starter_m,299,9
pc_000189,sub_000777,cus_000776,2025-09-13,price_pro_m,price_business_m,29,99
pc_000190,sub_000797,cus_000796,2025-09-28,price_pro_m,price_business_y,29,82.5
pc_000191,sub_000817,cus_000816,2025-09-18,price_business_m,price_enterprise_m,99,299
pc_000192,sub_000914,cus_000913,2025-09-19,price_starter_m,price_enterprise_m,9,299
pc_000193,sub_000974,cus_000973,2025-09-29,price_pro_m,price_business_y,29,82.5
pc_000194,sub_001005,cus_001002,2025-09-18,price_starter_m,price_business_m,9,99
pc_000195,sub_001021,cus_001018,2025-09-03,price_pro_y,price_business_y,24.17,82.5
pc_000196,sub_001043,cus_001040,2025-09-01,price_starter_m,price_enterprise_m,9,299
pc_000197,sub_001088,cus_001085,2025-09-09,price_starter_m,price_enterprise_m,9,299
pc_000198,sub_001147,cus_001144,2025-09-23,price_starter_y,price_business_m,7.5,99
pc_000199,sub_001216,cus_001213,2025-09-12,price_free,price_enterprise_m,0,299
pc_000200,sub_001236,cus_001233,2025-09-17,price_business_m,price_enterprise_m,99,299
pc_000201,sub_001304,cus_001301,2025-09-01,price_starter_m,price_pro_m,9,29
pc_000202,sub_001326,cus_001323,2025-09-30,price_business_m,price_enterprise_m,99,299
pc_000203,sub_001338,cus_001335,2025-09-20,price_starter_y,price_enterprise_m,7.5,299
pc_000204,sub_001351,cus_001348,2025-09-27,price_starter_m,price_business_y,9,82.5
pc_000205,sub_001357,cus_001354,2025-09-29,price_free,price_pro_m,0,29
pc_000206,sub_001434,cus_001430,2025-09-12,price_pro_m,price_enterprise_m,29,299
pc_000207,sub_001447,cus_001443,2025-09-12,price_starter_m,price_starter_y,9,7.5
pc_000208,sub_001475,cus_001471,2025-09-15,price_starter_y,price_pro_m,7.5,29
pc_000209,sub_001514,cus_001510,2025-09-24,price_pro_m,price_pro_y,29,24.17
pc_000210,sub_001525,cus_001521,2025-09-16,price_starter_y,price_pro_m,7.5,29
pc_000211,sub_001586,cus_001582,2025-09-01,price_starter_m,price_pro_m,9,29
pc_000212,sub_000010,cus_000010,2025-10-08,price_pro_y,price_enterprise_m,24.17,299
pc_000213,sub_000011,cus_000011,2025-10-04,price_business_m,price_pro_y,99,24.17
pc_000214,sub_000069,cus_000069,2025-10-11,price_starter_m,price_business_y,9,82.5
pc_000215,sub_000073,cus_000073,2025-10-13,price_starter_m,price_business_m,9,99
pc_000216,sub_000095,cus_000095,2025-10-23,price_starter_y,price_pro_y,7.5,24.17
pc_000217,sub_000142,cus_000142,2025-10-17,price_pro_y,price_enterprise_m,24.17,299
pc_000218,sub_000200,cus_000200,2025-10-22,price_business_m,price_business_y,99,82.5
pc_000219,sub_000351,cus_000351,2025-10-07,price_starter_m,price_starter_y,9,7.5
pc_000220,sub_000360,cus_000360,2025-10-16,price_starter_m,price_business_m,9,99
pc_000221,sub_000398,cus_000398,2025-10-20,price_starter_y,price_business_y,7.5,82.5
pc_000222,sub_000455,cus_000455,2025-10-19,price_starter_m,price_pro_m,9,29
pc_000223,sub_000549,cus_000549,2025-10-19,price_business_m,price_enterprise_m,99,299
pc_000224,sub_000580,cus_000580,2025-10-04,price_free,price_business_m,0,99
pc_000225,sub_000612,cus_000612,2025-10-07,price_business_m,price_enterprise_m,99,299
pc_000226,sub_000643,cus_000643,2025-10-01,price_pro_m,price_enterprise_m,29,299
pc_000227,sub_000686,cus_000686,2025-10-18,price_starter_m,price_business_m,9,99
pc_000228,sub_000691,cus_000691,2025-10-11,price_free,price_pro_y,0,24.17
pc_000229,sub_000717,cus_000717,2025-10-04,price_business_y,price_business_m,82.5,99
pc_000230,sub_000748,cus_000748,2025-10-12,price_starter_m,price_starter_y,9,7.5
pc_000231,sub_000835,cus_000834,2025-10-31,price_business_m,price_enterprise_m,99,299
pc_000232,sub_000863,cus_000862,2025-10-24,price_starter_m,price_business_y,9,82.5
pc_000233,sub_000925,cus_000924,2025-10-11,price_starter_m,price_starter_y,9,7.5
pc_000234,sub_000970,cus_000969,2025-10-02,price_starter_m,price_starter_y,9,7.5
pc_000235,sub_001096,cus_001093,2025-10-17,price_business_m,price_pro_m,99,29
pc_000236,sub_001118,cus_001115,2025-10-25,price_enterprise_m,price_starter_y,299,7.5
pc_000237,sub_001131,cus_001128,2025-10-27,price_pro_m,price_starter_m,29,9
pc_000238,sub_001137,cus_001134,2025-10-22,price_pro_m,price_starter_y,29,7.5
pc_000239,sub_001168,cus_001165,2025-10-03,price_pro_m,price_starter_y,29,7.5
pc_000240,sub_001310,cus_001307,2025-10-12,price_pro_m,price_starter_y,29,7.5
pc_000241,sub_001327,cus_001324,2025-10-11,price_free,price_pro_y,0,24.17
pc_000242,sub_001328,cus_001325,2025-10-22,price_business_m,price_enterprise_m,99,299
pc_000243,sub_001363,cus_001360,2025-10-29,price_enterprise_m,price_business_m,299,99
pc_000244,sub_001405,cus_001402,2025-10-14,price_starter_y,price_starter_m,7.5,9
pc_000245,sub_001428,cus_001424,2025-10-10,price_starter_m,price_enterprise_m,9,299
pc_000246,sub_001446,cus_001442,2025-10-31,price_business_m,price_starter_m,99,9
pc_000247,sub_001493,cus_001489,2025-10-24,price_free,price_business_y,0,82.5
pc_000248,sub_001510,cus_001506,2025-10-22,price_pro_m,price_enterprise_m,29,299
pc_000249,sub_001634,cus_001630,2025-10-13,price_pro_m,price_starter_y,29,7.5
pc_000250,sub_001645,cus_001641,2025-10-23,price_pro_m,price_business_m,29,99
pc_000251,sub_001685,cus_001681,2025-10-27,price_starter_m,price_pro_m,9,29
pc_000252,sub_001738,cus_001734,2025-10-14,price_free,price_starter_m,0,9
pc_000253,sub_001789,cus_001785,2025-10-19,price_starter_m,price_starter_y,9,7.5
pc_000254,sub_001836,cus_001832,2025-10-19,price_business_m,price_enterprise_m,99,299
pc_000255,sub_001854,cus_001850,2025-10-20,price_pro_m,price_starter_y,29,7.5
pc_000256,sub_001869,cus_001865,2025-10-18,price_starter_m,price_starter_y,9,7.5
pc_000257,sub_000112,cus_000112,2025-11-11,price_starter_y,price_pro_m,7.5,29
pc_000258,sub_000113,cus_000113,2025-11-26,price_pro_m,price_enterprise_m,29,299
pc_000259,sub_000137,cus_000137,2025-11-09,price_starter_m,price_enterprise_m,9,299
pc_000260,sub_000185,cus_000185,2025-11-16,price_pro_y,price_business_m,24.17,99
pc_000261,sub_000207,cus_000207,2025-11-06,price_free,price_enterprise_m,0,299
pc_000262,sub_000227,cus_000227,2025-11-18,price_business_m,price_enterprise_m,99,299
pc_000263,sub_000241,cus_000241,2025-11-20,price_starter_m,price_pro_y,9,24.17
pc_000264,sub_000247,cus_000247,2025-11-20,price_pro_m,price_pro_y,29,24.17
pc_000265,sub_000391,cus_000391,2025-11-06,price_business_m,price_starter_m,99,9
pc_000266,sub_000405,cus_000405,2025-11-29,price_starter_m,price_starter_y,9,7.5
pc_000267,sub_000442,cus_000442,2025-11-09,price_business_m,price_enterprise_m,99,299
pc_000268,sub_000566,cus_000566,2025-11-21,price_free,price_starter_m,0,9
pc_000269,sub_000586,cus_000586,2025-11-14,price_pro_y,price_business_m,24.17,99
pc_000270,sub_000607,cus_000607,2025-11-16,price_starter_m,price_pro_y,9,24.17
pc_000271,sub_000705,cus_000705,2025-11-08,price_enterprise_m,price_pro_m,299,29
pc_000272,sub_000804,cus_000803,2025-11-27,price_business_m,price_enterprise_m,99,299
pc_000273,sub_000819,cus_000818,2025-11-16,price_starter_m,price_pro_y,9,24.17
pc_000274,sub_000837,cus_000836,2025-11-06,price_starter_m,price_enterprise_m,9,299
pc_000275,sub_000844,cus_000843,2025-11-10,price_business_m,price_enterprise_m,99,299
pc_000276,sub_000937,cus_000936,2025-11-22,price_pro_m,price_starter_m,29,9
pc_000277,sub_000980,cus_000979,2025-11-26,price_pro_m,price_starter_m,29,9
pc_000278,sub_000983,cus_000982,2025-11-14,price_starter_y,price_pro_m,7.5,29
pc_000279,sub_001001,cus_001000,2025-11-22,price_pro_m,price_business_m,29,99
pc_000280,sub_001003,cus_000762,2025-11-16,price_pro_m,price_starter_y,29,7.5
pc_000281,sub_001042,cus_001039,2025-11-09,price_free,price_business_m,0,99
pc_000282,sub_001084,cus_001081,2025-11-21,price_starter_m,price_enterprise_m,9,299
pc_000283,sub_001101,cus_001098,2025-11-20,price_free,price_business_y,0,82.5
pc_000284,sub_001198,cus_001195,2025-11-10,price_business_m,price_enterprise_m,99,299
pc_000285,sub_001201,cus_001198,2025-11-04,price_pro_y,price_business_y,24.17,82.5
pc_000286,sub_001288,cus_001285,2025-11-21,price_starter_m,price_business_y,9,82.5
pc_000287,sub_001344,cus_001341,2025-11-10,price_free,price_pro_y,0,24.17
pc_000288,sub_001369,cus_001366,2025-11-28,price_starter_m,price_starter_y,9,7.5
pc_000289,sub_001384,cus_001381,2025-11-15,price_pro_m,price_business_m,29,99
pc_000290,sub_001431,cus_001427,2025-11-18,price_business_m,price_business_y,99,82.5
pc_000291,sub_001531,cus_001527,2025-11-13,price_free,price_enterprise_m,0,299
pc_000292,sub_001541,cus_001537,2025-11-03,price_starter_m,price_pro_y,9,24.17
pc_000293,sub_001618,cus_001614,2025-11-02,price_free,price_enterprise_m,0,299
pc_000294,sub_001646,cus_001642,2025-11-03,price_starter_m,price_pro_m,9,29
pc_000295,sub_001652,cus_001648,2025-11-14,price_business_m,price_starter_m,99,9
pc_000296,sub_001664,cus_001660,2025-11-06,price_starter_m,price_pro_m,9,29
pc_000297,sub_001746,cus_001742,2025-11-30,price_starter_m,price_pro_m,9,29
pc_000298,sub_001768,cus_001764,2025-11-29,price_starter_m,price_business_y,9,82.5
pc_000299,sub_001787,cus_001783,2025-11-27,price_starter_m,price_starter_y,9,7.5
pc_000300,sub_001789,cus_001785,2025-11-02,price_starter_y,price_enterprise_m,7.5,299
pc_000301,sub_001850,cus_001846,2025-11-04,price_business_m,price_enterprise_m,99,299
pc_000302,sub_001874,cus_001870,2025-11-12,price_pro_m,price_business_y,29,82.5
pc_000303,sub_001904,cus_001899,2025-11-04,price_starter_m,price_pro_m,9,29
pc_000304,sub_001911,cus_001906,2025-11-23,price_starter_m,price_pro_y,9,24.17
pc_000305,sub_001947,cus_001942,2025-11-21,price_free,price_starter_m,0,9
pc_000306,sub_001971,cus_001966,2025-11-09,price_starter_y,price_enterprise_m,7.5,299
pc_000307,sub_002008,cus_002003,2025-11-24,price_business_m,price_pro_y,99,24.17
pc_000308,sub_002026,cus_002021,2025-11-15,price_starter_m,price_pro_m,9,29
pc_000309,sub_002038,cus_002033,2025-11-03,price_free,price_business_m,0,99
pc_000310,sub_002072,cus_002067,2025-11-21,price_pro_m,price_starter_m,29,9
pc_000311,sub_002138,cus_002133,2025-11-15,price_pro_m,price_business_y,29,82.5
pc_000312,sub_002142,cus_002137,2025-11-28,price_business_m,price_business_y,99,82.5
pc_000313,sub_002156,cus_000280,2025-11-22,price_starter_m,price_starter_y,9,7.5
pc_000314,sub_000025,cus_000025,2025-12-20,price_starter_m,price_business_y,9,82.5
pc_000315,sub_000080,cus_000080,2025-12-18,price_business_y,price_enterprise_m,82.5,299
pc_000316,sub_000093,cus_000093,2025-12-18,price_pro_y,price_enterprise_m,24.17,299
pc_000317,sub_000112,cus_000112,2025-12-05,price_pro_m,price_business_y,29,82.5
pc_000318,sub_000146,cus_000146,2025-12-16,price_business_m,price_starter_m,99,9
pc_000319,sub_000156,cus_000156,2025-12-20,price_pro_y,price_starter_m,24.17,9
pc_000320,sub_000173,cus_000173,2025-12-07,price_starter_y,price_pro_y,7.5,24.17
pc_000321,sub_000223,cus_000223,2025-12-14,price_pro_m,price_starter_y,29,7.5
pc_000322,sub_000304,cus_000304,2025-12-04,price_starter_m,price_starter_y,9,7.5
pc_000323,sub_000369,cus_000369,2025-12-16,price_free,price_pro_m,0,29
pc_000324,sub_000375,cus_000375,2025-12-23,price_enterprise_m,price_pro_y,299,24.17
pc_000325,sub_000384,cus_000384,2025-12-28,price_starter_m,price_starter_y,9,7.5
pc_000326,sub_000480,cus_000480,2025-12-08,price_business_y,price_business_m,82.5,99
pc_000327,sub_000580,cus_000580,2025-12-10,price_business_m,price_enterprise_m,99,299
pc_000328,sub_000682,cus_000682,2025-12-31,price_starter_m,price_starter_y,9,7.5
pc_000329,sub_000688,cus_000688,2025-12-12,price_starter_y,price_business_m,7.5,99
pc_000330,sub_000708,cus_000708,2025-12-29,price_pro_m,price_business_y,29,82.5
pc_000331,sub_000718,cus_000718,2025-12-04,price_free,price_business_m,0,99
pc_000332,sub_000746,cus_000746,2025-12-26,price_free,price_enterprise_m,0,299
pc_000333,sub_000796,cus_000795,2025-12-03,price_pro_m,price_pro_y,29,24.17
pc_000334,sub_000891,cus_000890,2025-12-20,price_starter_m,price_starter_y,9,7.5
pc_000335,sub_000946,cus_000945,2025-12-21,price_starter_m,price_business_m,9,99
pc_000336,sub_000950,cus_000949,2025-12-14,price_starter_m,price_starter_y,9,7.5
pc_000337,sub_000959,cus_000958,2025-12-15,price_starter_m,price_enterprise_m,9,299
pc_000338,sub_001006,cus_001003,2025-12-03,price_pro_m,price_business_m,29,99
pc_000339,sub_001009,cus_001006,2025-12-04,price_free,price_business_y,0,82.5
pc_000340,sub_001086,cus_001083,2025-12-18,price_pro_m,price_starter_y,29,7.5
pc_000341,sub_001128,cus_001125,2025-12-19,price_enterprise_m,price_business_y,299,82.5
pc_000342,sub_001143,cus_001140,2025-12-07,price_free,price_enterprise_m,0,299
pc_000343,sub_001183,cus_001180,2025-12-13,price_enterprise_m,price_starter_y,299,7.5
pc_000344,sub_001242,cus_001239,2025-12-24,price_pro_m,price_business_y,29,82.5
pc_000345,sub_001268,cus_001265,2025-12-25,price_pro_m,price_starter_m,29,9
pc_000346,sub_001275,cus_001272,2025-12-16,price_pro_m,price_business_y,29,82.5
pc_000347,sub_001279,cus_001276,2025-12-01,price_business_m,price_pro_y,99,24.17
pc_000348,sub_001309,cus_001306,2025-12-31,price_business_m,price_pro_m,99,29
pc_000349,sub_001374,cus_001371,2025-12-02,price_starter_m,price_starter_y,9,7.5
pc_000350,sub_001388,cus_001385,2025-12-23,price_starter_m,price_pro_y,9,24.17
pc_000351,sub_001389,cus_001386,2025-12-08,price_business_m,price_enterprise_m,99,299
pc_000352,sub_001458,cus_001454,2025-12-08,price_free,price_business_y,0,82.5
pc_000353,sub_001496,cus_001492,2025-12-13,price_starter_m,price_starter_y,9,7.5
pc_000354,sub_001498,cus_001494,2025-12-03,price_business_m,price_pro_m,99,29
pc_000355,sub_001549,cus_001545,2025-12-20,price_pro_m,price_business_y,29,82.5
pc_000356,sub_001570,cus_001566,2025-12-18,price_pro_m,price_enterprise_m,29,299
pc_000357,sub_001635,cus_001631,2025-12-29,price_business_m,price_enterprise_m,99,299
pc_000358,sub_001685,cus_001681,2025-12-09,price_pro_m,price_business_m,29,99
pc_000359,sub_001720,cus_001716,2025-12-12,price_business_m,price_pro_y,99,24.17
pc_000360,sub_001738,cus_001734,2025-12-13,price_starter_m,price_starter_y,9,7.5
pc_000361,sub_001757,cus_001753,2025-12-21,price_free,price_starter_y,0,7.5
pc_000362,sub_001780,cus_001776,2025-12-17,price_business_m,price_enterprise_m,99,299
pc_000363,sub_001880,cus_001876,2025-12-08,price_starter_m,price_business_m,9,99
pc_000364,sub_001921,cus_001916,2025-12-15,price_pro_m,price_starter_m,29,9
pc_000365,sub_001959,cus_001954,2025-12-10,price_free,price_business_y,0,82.5
pc_000366,sub_001971,cus_001966,2025-12-05,price_enterprise_m,price_business_y,299,82.5
pc_000367,sub_002028,cus_002023,2025-12-16,price_starter_m,price_business_y,9,82.5
pc_000368,sub_002048,cus_002043,2025-12-27,price_enterprise_m,price_pro_m,299,29
pc_000369,sub_002062,cus_002057,2025-12-14,price_starter_y,price_pro_m,7.5,29
pc_000370,sub_002077,cus_002072,2025-12-04,price_pro_m,price_enterprise_m,29,299
pc_000371,sub_002126,cus_002121,2025-12-05,price_pro_m,price_business_m,29,99
pc_000372,sub_002141,cus_002136,2025-12-20,price_free,price_starter_m,0,9
pc_000373,sub_002169,cus_002163,2025-12-10,price_business_y,price_pro_y,82.5,24.17
pc_000374,sub_002176,cus_002170,2025-12-05,price_pro_m,price_business_y,29,82.5
pc_000375,sub_002303,cus_002297,2025-12-05,price_business_m,price_enterprise_m,99,299
pc_000376,sub_002342,cus_002336,2025-12-25,price_pro_y,price_pro_m,24.17,29
pc_000377,sub_002348,cus_002342,2025-12-26,price_starter_m,price_pro_y,9,24.17
pc_000378,sub_002352,cus_002346,2025-12-01,price_free,price_business_y,0,82.5
pc_000379,sub_002410,cus_002404,2025-12-02,price_pro_m,price_starter_y,29,7.5
pc_000380,sub_002413,cus_002407,2025-12-17,price_free,price_enterprise_m,0,299
pc_000381,sub_000039,cus_000039,2026-01-03,price_pro_m,price_pro_y,29,24.17
pc_000382,sub_000141,cus_000141,2026-01-13,price_enterprise_m,price_pro_m,299,29
pc_000383,sub_000205,cus_000205,2026-01-04,price_business_m,price_enterprise_m,99,299
pc_000384,sub_000454,cus_000454,2026-01-22,price_business_m,price_enterprise_m,99,299
pc_000385,sub_000455,cus_000455,2026-01-16,price_pro_m,price_business_m,29,99
pc_000386,sub_000481,cus_000481,2026-01-18,price_business_m,price_enterprise_m,99,299
pc_000387,sub_000503,cus_000503,2026-01-09,price_pro_m,price_enterprise_m,29,299
pc_000388,sub_000565,cus_000565,2026-01-10,price_business_y,price_business_m,82.5,99
pc_000389,sub_000590,cus_000590,2026-01-21,price_business_m,price_enterprise_m,99,299
pc_000390,sub_000600,cus_000600,2026-01-13,price_free,price_pro_m,0,29
pc_000391,sub_000640,cus_000640,2026-01-03,price_pro_m,price_business_m,29,99
pc_000392,sub_000643,cus_000643,2026-01-31,price_enterprise_m,price_starter_m,299,9
pc_000393,sub_000648,cus_000648,2026-01-14,price_business_m,price_enterprise_m,99,299
pc_000394,sub_000660,cus_000660,2026-01-10,price_starter_m,price_starter_y,9,7.5
pc_000395,sub_000708,cus_000708,2026-01-15,price_business_y,price_starter_y,82.5,7.5
pc_000396,sub_000813,cus_000812,2026-01-27,price_starter_m,price_starter_y,9,7.5
pc_000397,sub_000830,cus_000829,2026-01-12,price_business_y,price_business_m,82.5,99
pc_000398,sub_000839,cus_000838,2026-01-19,price_pro_m,price_pro_y,29,24.17
pc_000399,sub_000845,cus_000844,2026-01-04,price_pro_m,price_business_y,29,82.5
pc_000400,sub_000847,cus_000846,2026-01-07,price_business_m,price_enterprise_m,99,299
pc_000401,sub_000894,cus_000893,2026-01-05,price_starter_m,price_starter_y,9,7.5
pc_000402,sub_001005,cus_001002,2026-01-31,price_business_m,price_starter_y,99,7.5
pc_000403,sub_001048,cus_001045,2026-01-14,price_starter_m,price_enterprise_m,9,299
pc_000404,sub_001168,cus_001165,2026-01-06,price_starter_y,price_pro_y,7.5,24.17
pc_000405,sub_001172,cus_001169,2026-01-25,price_pro_m,price_business_m,29,99
pc_000406,sub_001209,cus_001206,2026-01-05,price_pro_y,price_starter_m,24.17,9
pc_000407,sub_001252,cus_001249,2026-01-12,price_pro_m,price_business_y,29,82.5
pc_000408,sub_001268,cus_001265,2026-01-18,price_starter_m,price_starter_y,9,7.5
pc_000409,sub_001283,cus_001280,2026-01-18,price_pro_m,price_business_y,29,82.5
pc_000410,sub_001298,cus_001295,2026-01-17,price_starter_m,price_enterprise_m,9,299
pc_000411,sub_001308,cus_001305,2026-01-26,price_starter_m,price_business_y,9,82.5
pc_000412,sub_001336,cus_001333,2026-01-23,price_free,price_starter_m,0,9
pc_000413,sub_001357,cus_001354,2026-01-28,price_pro_m,price_pro_y,29,24.17
pc_000414,sub_001459,cus_001455,2026-01-24,price_starter_m,price_enterprise_m,9,299
pc_000415,sub_001512,cus_001508,2026-01-21,price_free,price_starter_y,0,7.5
pc_000416,sub_001522,cus_001518,2026-01-04,price_starter_m,price_pro_y,9,24.17
pc_000417,sub_001584,cus_001580,2026-01-18,price_pro_m,price_business_m,29,99
pc_000418,sub_001585,cus_001581,2026-01-13,price_free,price_business_m,0,99
pc_000419,sub_001591,cus_001587,2026-01-09,price_starter_m,price_business_y,9,82.5
pc_000420,sub_001597,cus_001593,2026-01-23,price_free,price_business_m,0,99
pc_000421,sub_001605,cus_001601,2026-01-29,price_free,price_business_m,0,99
pc_000422,sub_001635,cus_001631,2026-01-24,price_enterprise_m,price_starter_y,299,7.5
pc_000423,sub_001687,cus_001683,2026-01-10,price_pro_y,price_business_y,24.17,82.5
pc_000424,sub_001721,cus_001717,2026-01-26,price_starter_m,price_enterprise_m,9,299
pc_000425,sub_001738,cus_001734,2026-01-30,price_starter_y,price_starter_m,7.5,9
pc_000426,sub_001760,cus_001756,2026-01-31,price_starter_m,price_starter_y,9,7.5
pc_000427,sub_001777,cus_001773,2026-01-02,price_starter_m,price_enterprise_m,9,299
pc_000428,sub_001800,cus_001796,2026-01-06,price_pro_m,price_starter_y,29,7.5
pc_000429,sub_001830,cus_001826,2026-01-29,price_starter_m,price_enterprise_m,9,299
pc_000430,sub_001938,cus_001933,2026-01-15,price_starter_m,price_starter_y,9,7.5
pc_000431,sub_001942,cus_001937,2026-01-06,price_pro_m,price_enterprise_m,29,299
pc_000432,sub_001973,cus_001968,2026-01-09,price_starter_y,price_pro_m,7.5,29
pc_000433,sub_001995,cus_001990,2026-01-02,price_starter_m,price_pro_y,9,24.17
pc_000434,sub_002031,cus_002026,2026-01-07,price_business_y,price_enterprise_m,82.5,299
pc_000435,sub_002067,cus_002062,2026-01-30,price_pro_m,price_business_y,29,82.5
pc_000436,sub_002071,cus_002066,2026-01-30,price_starter_m,price_enterprise_m,9,299
pc_000437,sub_002093,cus_002088,2026-01-25,price_free,price_business_y,0,82.5
pc_000438,sub_002094,cus_002089,2026-01-15,price_pro_y,price_business_m,24.17,99
pc_000439,sub_002096,cus_002091,2026-01-21,price_pro_y,price_starter_m,24.17,9
pc_000440,sub_002206,cus_002200,2026-01-10,price_starter_m,price_business_y,9,82.5
pc_000441,sub_002373,cus_002367,2026-01-11,price_starter_m,price_pro_y,9,24.17
pc_000442,sub_002427,cus_002421,2026-01-23,price_pro_y,price_enterprise_m,24.17,299
pc_000443,sub_002462,cus_002456,2026-01-26,price_free,price_starter_m,0,9
pc_000444,sub_002494,cus_002488,2026-01-24,price_free,price_pro_m,0,29
pc_000445,sub_002578,cus_002572,2026-01-19,price_pro_m,price_starter_m,29,9
pc_000446,sub_002621,cus_002615,2026-01-28,price_free,price_enterprise_m,0,299
pc_000447,sub_000110,cus_000110,2026-02-03,price_enterprise_m,price_business_y,299,82.5
pc_000448,sub_000127,cus_000127,2026-02-14,price_pro_m,price_business_m,29,99
pc_000449,sub_000161,cus_000161,2026-02-22,price_pro_m,price_business_y,29,82.5
pc_000450,sub_000220,cus_000220,2026-02-11,price_starter_m,price_business_m,9,99
pc_000451,sub_000244,cus_000244,2026-02-15,price_business_m,price_enterprise_m,99,299
pc_000452,sub_000260,cus_000260,2026-02-09,price_free,price_enterprise_m,0,299
pc_000453,sub_000317,cus_000317,2026-02-02,price_pro_m,price_pro_y,29,24.17
pc_000454,sub_000442,cus_000442,2026-02-27,price_enterprise_m,price_pro_m,299,29
pc_000455,sub_000457,cus_000457,2026-02-15,price_pro_m,price_business_m,29,99
pc_000456,sub_000521,cus_000521,2026-02-23,price_starter_m,price_enterprise_m,9,299
pc_000457,sub_000526,cus_000526,2026-02-23,price_free,price_business_y,0,82.5
pc_000458,sub_000680,cus_000680,2026-02-27,price_business_y,price_pro_m,82.5,29
pc_000459,sub_000699,cus_000699,2026-02-23,price_business_m,price_enterprise_m,99,299
pc_000460,sub_000754,cus_000754,2026-02-08,price_pro_m,price_enterprise_m,29,299
pc_000461,sub_000791,cus_000790,2026-02-16,price_starter_m,price_pro_m,9,29
pc_000462,sub_000837,cus_000836,2026-02-04,price_enterprise_m,price_starter_y,299,7.5
pc_000463,sub_000840,cus_000839,2026-02-18,price_starter_m,price_starter_y,9,7.5
pc_000464,sub_000889,cus_000888,2026-02-25,price_starter_m,price_starter_y,9,7.5
pc_000465,sub_000963,cus_000962,2026-02-25,price_pro_y,price_pro_m,24.17,29
pc_000466,sub_001020,cus_001017,2026-02-10,price_business_m,price_pro_m,99,29
pc_000467,sub_001028,cus_001025,2026-02-08,price_pro_m,price_business_m,29,99
pc_000468,sub_001064,cus_001061,2026-02-02,price_enterprise_m,price_business_m,299,99
pc_000469,sub_001065,cus_001062,2026-02-18,price_pro_m,price_starter_m,29,9
pc_000470,sub_001102,cus_001099,2026-02-18,price_starter_m,price_business_m,9,99
pc_000471,sub_001107,cus_001104,2026-02-05,price_starter_y,price_pro_m,7.5,29
pc_000472,sub_001116,cus_001113,2026-02-28,price_starter_m,price_starter_y,9,7.5
pc_000473,sub_001122,cus_001119,2026-02-26,price_business_m,price_enterprise_m,99,299
pc_000474,sub_001149,cus_001146,2026-02-10,price_free,price_starter_y,0,7.5
pc_000475,sub_001171,cus_001168,2026-02-04,price_starter_y,price_pro_y,7.5,24.17
pc_000476,sub_001193,cus_001190,2026-02-04,price_business_m,price_enterprise_m,99,299
pc_000477,sub_001217,cus_001214,2026-02-13,price_starter_m,price_business_y,9,82.5
pc_000478,sub_001225,cus_001222,2026-02-05,price_business_y,price_starter_m,82.5,9
pc_000479,sub_001245,cus_001242,2026-02-03,price_free,price_business_y,0,82.5
pc_000480,sub_001389,cus_001386,2026-02-25,price_enterprise_m,price_starter_m,299,9
pc_000481,sub_001428,cus_001424,2026-02-03,price_enterprise_m,price_business_m,299,99
pc_000482,sub_001461,cus_001457,2026-02-19,price_pro_y,price_business_m,24.17,99
pc_000483,sub_001521,cus_001517,2026-02-27,price_starter_m,price_starter_y,9,7.5
pc_000484,sub_001548,cus_001544,2026-02-06,price_starter_m,price_starter_y,9,7.5
pc_000485,sub_001580,cus_001576,2026-02-21,price_starter_m,price_enterprise_m,9,299
pc_000486,sub_001588,cus_001584,2026-02-13,price_starter_m,price_starter_y,9,7.5
pc_000487,sub_001601,cus_001597,2026-02-02,price_business_m,price_business_y,99,82.5
pc_000488,sub_001615,cus_001611,2026-02-12,price_free,price_enterprise_m,0,299
pc_000489,sub_001678,cus_001674,2026-02-26,price_free,price_starter_y,0,7.5
pc_000490,sub_001805,cus_001801,2026-02-09,price_starter_m,price_starter_y,9,7.5
pc_000491,sub_001873,cus_001869,2026-02-08,price_pro_m,price_pro_y,29,24.17
pc_000492,sub_001901,cus_001896,2026-02-17,price_free,price_starter_y,0,7.5
pc_000493,sub_001949,cus_001944,2026-02-23,price_pro_m,price_starter_m,29,9
pc_000494,sub_001978,cus_001973,2026-02-11,price_pro_y,price_starter_y,24.17,7.5
pc_000495,sub_001995,cus_001990,2026-02-12,price_pro_y,price_starter_y,24.17,7.5
pc_000496,sub_002020,cus_002015,2026-02-27,price_starter_m,price_pro_y,9,24.17
pc_000497,sub_002070,cus_002065,2026-02-10,price_pro_y,price_business_y,24.17,82.5
pc_000498,sub_002075,cus_002070,2026-02-21,price_starter_m,price_starter_y,9,7.5
pc_000499,sub_002212,cus_002206,2026-02-20,price_free,price_pro_m,0,29
pc_000500,sub_002214,cus_002208,2026-02-12,price_free,price_enterprise_m,0,299
pc_000501,sub_002241,cus_002235,2026-02-19,price_starter_m,price_starter_y,9,7.5
pc_000502,sub_002260,cus_002254,2026-02-02,price_starter_m,price_starter_y,9,7.5
pc_000503,sub_002280,cus_002274,2026-02-17,price_business_m,price_enterprise_m,99,299
pc_000504,sub_002308,cus_002302,2026-02-08,price_starter_m,price_pro_m,9,29
pc_000505,sub_002313,cus_002307,2026-02-11,price_starter_m,price_starter_y,9,7.5
pc_000506,sub_002446,cus_002440,2026-02-21,price_starter_m,price_starter_y,9,7.5
pc_000507,sub_002480,cus_002474,2026-02-24,price_pro_m,price_starter_m,29,9
pc_000508,sub_002507,cus_002501,2026-02-10,price_business_m,price_enterprise_m,99,299
pc_000509,sub_002529,cus_002523,2026-02-26,price_business_m,price_enterprise_m,99,299
pc_000510,sub_002534,cus_002528,2026-02-07,price_starter_m,price_starter_y,9,7.5
pc_000511,sub_002542,cus_002536,2026-02-24,price_free,price_pro_m,0,29
pc_000512,sub_002578,cus_002572,2026-02-18,price_starter_m,price_business_y,9,82.5
pc_000513,sub_002583,cus_002577,2026-02-10,price_pro_m,price_starter_m,29,9
pc_000514,sub_002606,cus_002600,2026-02-08,price_free,price_enterprise_m,0,299
pc_000515,sub_002610,cus_002604,2026-02-03,price_pro_y,price_pro_m,24.17,29
pc_000516,sub_002616,cus_002610,2026-02-25,price_pro_m,price_business_y,29,82.5
pc_000517,sub_002641,cus_002635,2026-02-17,price_enterprise_m,price_business_y,299,82.5
pc_000518,sub_002642,cus_002636,2026-02-24,price_pro_m,price_pro_y,29,24.17
pc_000519,sub_002715,cus_002708,2026-02-20,price_starter_m,price_enterprise_m,9,299
pc_000520,sub_002736,cus_002729,2026-02-09,price_starter_m,price_pro_m,9,29
pc_000521,sub_002765,cus_002758,2026-02-10,price_starter_m,price_business_y,9,82.5
pc_000522,sub_002771,cus_002764,2026-02-27,price_starter_m,price_pro_y,9,24.17
pc_000523,sub_002860,cus_002853,2026-02-19,price_starter_m,price_starter_y,9,7.5
pc_000524,sub_002862,cus_002855,2026-02-02,price_pro_m,price_starter_m,29,9
pc_000525,sub_002867,cus_002860,2026-02-26,price_free,price_starter_y,0,7.5
pc_000526,sub_002868,cus_002861,2026-02-20,price_pro_m,price_starter_y,29,7.5
pc_000527,sub_002889,cus_002882,2026-02-08,price_free,price_pro_m,0,29
pc_000528,sub_002891,cus_002884,2026-02-08,price_pro_m,price_business_m,29,99
pc_000529,sub_002900,cus_002893,2026-02-17,price_enterprise_m,price_business_m,299,99
pc_000530,sub_002921,cus_002914,2026-02-03,price_starter_m,price_business_y,9,82.5
pc_000531,sub_002938,cus_002931,2026-02-08,price_pro_m,price_business_m,29,99
pc_000532,sub_002952,cus_002945,2026-02-17,price_pro_m,price_business_m,29,99
pc_000533,sub_002963,cus_002956,2026-02-11,price_pro_m,price_business_y,29,82.5
pc_000534,sub_000061,cus_000061,2026-03-14,price_free,price_starter_y,0,7.5
pc_000535,sub_000073,cus_000073,2026-03-21,price_business_m,price_enterprise_m,99,299
pc_000536,sub_000101,cus_000101,2026-03-18,price_business_y,price_starter_m,82.5,9
pc_000537,sub_000113,cus_000113,2026-03-25,price_enterprise_m,price_starter_m,299,9
pc_000538,sub_000132,cus_000132,2026-03-27,price_business_m,price_enterprise_m,99,299
pc_000539,sub_000189,cus_000189,2026-03-25,price_business_m,price_enterprise_m,99,299
pc_000540,sub_000276,cus_000276,2026-03-21,price_starter_m,price_pro_m,9,29
pc_000541,sub_000391,cus_000391,2026-03-25,price_starter_m,price_business_m,9,99
pc_000542,sub_000418,cus_000418,2026-03-16,price_starter_y,price_starter_m,7.5,9
pc_000543,sub_000780,cus_000779,2026-03-18,price_pro_m,price_enterprise_m,29,299
pc_000544,sub_000854,cus_000853,2026-03-03,price_starter_m,price_pro_y,9,24.17
pc_000545,sub_000875,cus_000874,2026-03-13,price_starter_y,price_business_m,7.5,99
pc_000546,sub_000918,cus_000917,2026-03-24,price_business_y,price_enterprise_m,82.5,299
pc_000547,sub_000969,cus_000968,2026-03-31,price_business_m,price_enterprise_m,99,299
pc_000548,sub_000998,cus_000997,2026-03-01,price_business_y,price_enterprise_m,82.5,299
pc_000549,sub_001028,cus_001025,2026-03-11,price_business_m,price_enterprise_m,99,299
pc_000550,sub_001029,cus_001026,2026-03-02,price_free,price_business_m,0,99
pc_000551,sub_001106,cus_001103,2026-03-05,price_free,price_business_y,0,82.5
pc_000552,sub_001111,cus_001108,2026-03-03,price_free,price_pro_y,0,24.17
pc_000553,sub_001125,cus_001122,2026-03-19,price_business_m,price_enterprise_m,99,299
pc_000554,sub_001126,cus_001123,2026-03-29,price_starter_m,price_starter_y,9,7.5
pc_000555,sub_001128,cus_001125,2026-03-30,price_business_y,price_enterprise_m,82.5,299
pc_000556,sub_001158,cus_001155,2026-03-19,price_starter_m,price_pro_m,9,29
pc_000557,sub_001167,cus_001164,2026-03-16,price_enterprise_m,price_business_y,299,82.5
pc_000558,sub_001177,cus_001174,2026-03-27,price_pro_m,price_pro_y,29,24.17
pc_000559,sub_001179,cus_001176,2026-03-04,price_pro_m,price_starter_y,29,7.5
pc_000560,sub_001188,cus_001185,2026-03-01,price_starter_y,price_starter_m,7.5,9
pc_000561,sub_001250,cus_001247,2026-03-13,price_pro_m,price_enterprise_m,29,299
pc_000562,sub_001281,cus_001278,2026-03-16,price_starter_y,price_pro_y,7.5,24.17
pc_000563,sub_001304,cus_001301,2026-03-20,price_pro_m,price_business_m,29,99
pc_000564,sub_001364,cus_001361,2026-03-10,price_pro_m,price_enterprise_m,29,299
pc_000565,sub_001369,cus_001366,2026-03-19,price_starter_y,price_starter_m,7.5,9
pc_000566,sub_001410,cus_001407,2026-03-08,price_enterprise_m,price_pro_m,299,29
pc_000567,sub_001458,cus_001454,2026-03-17,price_business_y,price_starter_y,82.5,7.5
pc_000568,sub_001461,cus_001457,2026-03-15,price_business_m,price_enterprise_m,99,299
pc_000569,sub_001495,cus_001491,2026-03-11,price_starter_m,price_enterprise_m,9,299
pc_000570,sub_001556,cus_001552,2026-03-05,price_starter_m,price_business_m,9,99
pc_000571,sub_001561,cus_001557,2026-03-28,price_pro_m,price_enterprise_m,29,299
pc_000572,sub_001593,cus_001589,2026-03-31,price_enterprise_m,price_starter_y,299,7.5
pc_000573,sub_001616,cus_001612,2026-03-14,price_starter_m,price_business_y,9,82.5
pc_000574,sub_001644,cus_001640,2026-03-05,price_pro_m,price_enterprise_m,29,299
pc_000575,sub_001645,cus_001641,2026-03-05,price_business_m,price_enterprise_m,99,299
pc_000576,sub_001673,cus_001669,2026-03-14,price_pro_m,price_business_y,29,82.5
pc_000577,sub_001722,cus_001718,2026-03-05,price_starter_m,price_business_y,9,82.5
pc_000578,sub_001752,cus_001748,2026-03-15,price_enterprise_m,price_pro_m,299,29
pc_000579,sub_001756,cus_001752,2026-03-09,price_free,price_pro_y,0,24.17
pc_000580,sub_001778,cus_001774,2026-03-21,price_business_m,price_business_y,99,82.5
pc_000581,sub_001799,cus_001795,2026-03-26,price_pro_m,price_starter_m,29,9
pc_000582,sub_001834,cus_001830,2026-03-20,price_starter_m,price_pro_y,9,24.17
pc_000583,sub_001960,cus_001955,2026-03-27,price_starter_m,price_starter_y,9,7.5
pc_000584,sub_002021,cus_002016,2026-03-31,price_starter_y,price_pro_m,7.5,29
pc_000585,sub_002173,cus_002167,2026-03-31,price_free,price_business_y,0,82.5
pc_000586,sub_002196,cus_002190,2026-03-10,price_pro_m,price_enterprise_m,29,299
pc_000587,sub_002222,cus_002216,2026-03-26,price_starter_m,price_starter_y,9,7.5
pc_000588,sub_002273,cus_002267,2026-03-28,price_starter_m,price_starter_y,9,7.5
pc_000589,sub_002281,cus_002275,2026-03-13,price_pro_m,price_business_y,29,82.5
pc_000590,sub_002341,cus_002335,2026-03-10,price_enterprise_m,price_pro_m,299,29
pc_000591,sub_002369,cus_002363,2026-03-26,price_starter_m,price_pro_y,9,24.17
pc_000592,sub_002398,cus_002392,2026-03-30,price_pro_m,price_enterprise_m,29,299
pc_000593,sub_002420,cus_002414,2026-03-28,price_starter_m,price_pro_m,9,29
pc_000594,sub_002447,cus_002441,2026-03-18,price_pro_m,price_business_y,29,82.5
pc_000595,sub_002449,cus_002443,2026-03-27,price_starter_m,price_starter_y,9,7.5
pc_000596,sub_002453,cus_002447,2026-03-11,price_free,price_business_m,0,99
pc_000597,sub_002495,cus_002489,2026-03-29,price_free,price_starter_y,0,7.5
pc_000598,sub_002505,cus_002499,2026-03-25,price_business_y,price_business_m,82.5,99
pc_000599,sub_002534,cus_002528,2026-03-29,price_starter_y,price_pro_m,7.5,29
pc_000600,sub_002561,cus_002555,2026-03-03,price_starter_m,price_business_m,9,99
pc_000601,sub_002591,cus_002585,2026-03-18,price_starter_m,price_pro_m,9,29
pc_000602,sub_002604,cus_002598,2026-03-17,price_starter_m,price_pro_m,9,29
pc_000603,sub_002609,cus_002603,2026-03-11,price_free,price_business_m,0,99
pc_000604,sub_002614,cus_002608,2026-03-15,price_free,price_pro_m,0,29
pc_000605,sub_002667,cus_002661,2026-03-31,price_starter_y,price_pro_y,7.5,24.17
pc_000606,sub_002689,cus_002683,2026-03-30,price_pro_m,price_business_m,29,99
pc_000607,sub_002699,cus_002692,2026-03-31,price_business_m,price_enterprise_m,99,299
pc_000608,sub_002714,cus_002707,2026-03-27,price_pro_m,price_business_y,29,82.5
pc_000609,sub_002813,cus_002806,2026-03-26,price_business_m,price_pro_y,99,24.17
pc_000610,sub_002814,cus_002807,2026-03-03,price_starter_m,price_business_m,9,99
pc_000611,sub_002841,cus_002834,2026-03-30,price_pro_m,price_business_y,29,82.5
pc_000612,sub_002907,cus_002900,2026-03-01,price_starter_m,price_starter_y,9,7.5
pc_000613,sub_002913,cus_002906,2026-03-20,price_free,price_pro_y,0,24.17
pc_000614,sub_002986,cus_002979,2026-03-25,price_business_y,price_enterprise_m,82.5,299
pc_000615,sub_003036,cus_003029,2026-03-24,price_starter_m,price_pro_y,9,24.17
pc_000616,sub_003048,cus_003041,2026-03-31,price_starter_m,price_pro_m,9,29
pc_000617,sub_003139,cus_003132,2026-03-12,price_pro_m,price_business_m,29,99
pc_000618,sub_003152,cus_003145,2026-03-15,price_starter_m,price_enterprise_m,9,299
pc_000619,sub_003160,cus_003153,2026-03-06,price_enterprise_m,price_business_m,299,99
pc_000620,sub_003177,cus_003170,2026-03-15,price_starter_m,price_starter_y,9,7.5
pc_000621,sub_003240,cus_003233,2026-03-31,price_starter_m,price_enterprise_m,9,299
pc_000622,sub_003287,cus_003280,2026-03-06,price_pro_m,price_pro_y,29,24.17
pc_000623,sub_000052,cus_000052,2026-04-28,price_starter_y,price_business_m,7.5,99
pc_000624,sub_000081,cus_000081,2026-04-05,price_starter_m,price_starter_y,9,7.5
pc_000625,sub_000180,cus_000180,2026-04-15,price_pro_m,price_starter_y,29,7.5
pc_000626,sub_000236,cus_000236,2026-04-02,price_free,price_pro_y,0,24.17
pc_000627,sub_000243,cus_000243,2026-04-13,price_business_m,price_pro_m,99,29
pc_000628,sub_000252,cus_000252,2026-04-07,price_pro_y,price_pro_m,24.17,29
pc_000629,sub_000258,cus_000258,2026-04-01,price_pro_m,price_enterprise_m,29,299
pc_000630,sub_000283,cus_000283,2026-04-21,price_pro_m,price_starter_m,29,9
pc_000631,sub_000325,cus_000325,2026-04-03,price_free,price_business_m,0,99
pc_000632,sub_000347,cus_000347,2026-04-30,price_pro_y,price_business_y,24.17,82.5
pc_000633,sub_000359,cus_000359,2026-04-10,price_starter_m,price_pro_y,9,24.17
pc_000634,sub_000397,cus_000397,2026-04-24,price_starter_m,price_business_m,9,99
pc_000635,sub_000450,cus_000450,2026-04-27,price_free,price_enterprise_m,0,299
pc_000636,sub_000490,cus_000490,2026-04-27,price_starter_m,price_business_y,9,82.5
pc_000637,sub_000607,cus_000607,2026-04-24,price_pro_y,price_starter_m,24.17,9
pc_000638,sub_000670,cus_000670,2026-04-22,price_starter_y,price_starter_m,7.5,9
pc_000639,sub_000721,cus_000721,2026-04-07,price_business_m,price_enterprise_m,99,299
pc_000640,sub_000805,cus_000804,2026-04-25,price_free,price_enterprise_m,0,299
pc_000641,sub_000818,cus_000817,2026-04-22,price_starter_m,price_business_y,9,82.5
pc_000642,sub_000837,cus_000836,2026-04-16,price_starter_y,price_pro_y,7.5,24.17
pc_000643,sub_000934,cus_000933,2026-04-17,price_free,price_pro_m,0,29
pc_000644,sub_001177,cus_001174,2026-04-21,price_pro_y,price_business_m,24.17,99
pc_000645,sub_001233,cus_001230,2026-04-18,price_pro_y,price_starter_y,24.17,7.5
pc_000646,sub_001266,cus_001263,2026-04-05,price_pro_m,price_enterprise_m,29,299
pc_000647,sub_001396,cus_001393,2026-04-28,price_starter_m,price_starter_y,9,7.5
pc_000648,sub_001493,cus_001489,2026-04-09,price_business_y,price_business_m,82.5,99
pc_000649,sub_001627,cus_001623,2026-04-04,price_enterprise_m,price_starter_m,299,9
pc_000650,sub_001628,cus_001624,2026-04-11,price_starter_m,price_starter_y,9,7.5
pc_000651,sub_001639,cus_001635,2026-04-10,price_pro_m,price_business_y,29,82.5
pc_000652,sub_001660,cus_001656,2026-04-12,price_free,price_pro_m,0,29
pc_000653,sub_001685,cus_001681,2026-04-09,price_business_m,price_starter_y,99,7.5
pc_000654,sub_001711,cus_001707,2026-04-01,price_free,price_starter_y,0,7.5
pc_000655,sub_001713,cus_001709,2026-04-06,price_pro_m,price_enterprise_m,29,299
pc_000656,sub_001715,cus_001711,2026-04-12,price_enterprise_m,price_business_m,299,99
pc_000657,sub_001751,cus_001747,2026-04-03,price_starter_m,price_enterprise_m,9,299
pc_000658,sub_001752,cus_001748,2026-04-06,price_pro_m,price_enterprise_m,29,299
pc_000659,sub_001756,cus_001752,2026-04-07,price_pro_y,price_enterprise_m,24.17,299
pc_000660,sub_001877,cus_001873,2026-04-11,price_starter_m,price_starter_y,9,7.5
pc_000661,sub_001896,cus_001891,2026-04-22,price_starter_m,price_business_y,9,82.5
pc_000662,sub_001984,cus_001979,2026-04-27,price_pro_m,price_business_y,29,82.5
pc_000663,sub_002003,cus_001998,2026-04-14,price_pro_m,price_business_m,29,99
pc_000664,sub_002005,cus_002000,2026-04-20,price_business_m,price_pro_y,99,24.17
pc_000665,sub_002012,cus_002007,2026-04-07,price_starter_m,price_pro_y,9,24.17
pc_000666,sub_002062,cus_002057,2026-04-17,price_pro_m,price_business_y,29,82.5
pc_000667,sub_002297,cus_002291,2026-04-25,price_starter_m,price_business_y,9,82.5
pc_000668,sub_002352,cus_002346,2026-04-19,price_business_y,price_pro_y,82.5,24.17
pc_000669,sub_002370,cus_002364,2026-04-20,price_starter_m,price_starter_y,9,7.5
pc_000670,sub_002531,cus_002525,2026-04-07,price_business_m,price_enterprise_m,99,299
pc_000671,sub_002544,cus_002538,2026-04-19,price_free,price_starter_y,0,7.5
pc_000672,sub_002583,cus_002577,2026-04-26,price_starter_m,price_business_m,9,99
pc_000673,sub_002615,cus_002609,2026-04-06,price_starter_m,price_pro_m,9,29
pc_000674,sub_002618,cus_002612,2026-04-07,price_starter_y,price_business_m,7.5,99
pc_000675,sub_002675,cus_002669,2026-04-17,price_starter_m,price_starter_y,9,7.5
pc_000676,sub_002704,cus_002697,2026-04-18,price_pro_m,price_starter_y,29,7.5
pc_000677,sub_002786,cus_002779,2026-04-23,price_pro_m,price_business_m,29,99
pc_000678,sub_002800,cus_002793,2026-04-26,price_starter_m,price_pro_m,9,29
pc_000679,sub_002825,cus_002818,2026-04-14,price_pro_m,price_starter_y,29,7.5
pc_000680,sub_002834,cus_002827,2026-04-26,price_business_y,price_business_m,82.5,99
pc_000681,sub_002867,cus_002860,2026-04-26,price_starter_y,price_enterprise_m,7.5,299
pc_000682,sub_003011,cus_003004,2026-04-17,price_pro_y,price_starter_m,24.17,9
pc_000683,sub_003013,cus_003006,2026-04-05,price_business_m,price_enterprise_m,99,299
pc_000684,sub_003025,cus_003018,2026-04-06,price_starter_m,price_pro_y,9,24.17
pc_000685,sub_003050,cus_003043,2026-04-08,price_starter_m,price_enterprise_m,9,299
pc_000686,sub_003056,cus_003049,2026-04-03,price_enterprise_m,price_pro_y,299,24.17
pc_000687,sub_003095,cus_003088,2026-04-09,price_enterprise_m,price_business_m,299,99
pc_000688,sub_003123,cus_003116,2026-04-12,price_starter_m,price_business_m,9,99
pc_000689,sub_003176,cus_003169,2026-04-06,price_starter_m,price_enterprise_m,9,299
pc_000690,sub_003186,cus_003179,2026-04-22,price_pro_m,price_starter_m,29,9
pc_000691,sub_003214,cus_003207,2026-04-13,price_free,price_business_y,0,82.5
pc_000692,sub_003232,cus_003225,2026-04-08,price_starter_y,price_business_m,7.5,99
pc_000693,sub_003242,cus_003235,2026-04-04,price_pro_y,price_pro_m,24.17,29
pc_000694,sub_003247,cus_003240,2026-04-11,price_starter_m,price_starter_y,9,7.5
pc_000695,sub_003268,cus_003261,2026-04-09,price_business_m,price_starter_m,99,9
pc_000696,sub_003288,cus_003281,2026-04-15,price_starter_m,price_starter_y,9,7.5
pc_000697,sub_003290,cus_003283,2026-04-29,price_starter_m,price_starter_y,9,7.5
pc_000698,sub_003297,cus_003290,2026-04-16,price_starter_m,price_starter_y,9,7.5
pc_000699,sub_003300,cus_003293,2026-04-19,price_pro_y,price_business_y,24.17,82.5
pc_000700,sub_003432,cus_003425,2026-04-02,price_pro_m,price_pro_y,29,24.17
pc_000701,sub_003442,cus_003435,2026-04-29,price_pro_y,price_pro_m,24.17,29
pc_000702,sub_003447,cus_003440,2026-04-05,price_pro_m,price_business_m,29,99
pc_000703,sub_003457,cus_003450,2026-04-11,price_starter_m,price_starter_y,9,7.5
pc_000704,sub_003535,cus_003528,2026-04-08,price_starter_m,price_starter_y,9,7.5
pc_000705,sub_003536,cus_003529,2026-04-14,price_starter_m,price_business_y,9,82.5
pc_000706,sub_003538,cus_003531,2026-04-24,price_starter_m,price_business_y,9,82.5
pc_000707,sub_000012,cus_000012,2026-05-20,price_starter_m,price_starter_y,9,7.5
pc_000708,sub_000048,cus_000048,2026-05-30,price_business_y,price_business_m,82.5,99
pc_000709,sub_000076,cus_000076,2026-05-25,price_pro_m,price_business_m,29,99
pc_000710,sub_000148,cus_000148,2026-05-06,price_starter_m,price_starter_y,9,7.5
pc_000711,sub_000201,cus_000201,2026-05-23,price_pro_y,price_business_m,24.17,99
pc_000712,sub_000241,cus_000241,2026-05-06,price_pro_y,price_starter_y,24.17,7.5
pc_000713,sub_000247,cus_000247,2026-05-12,price_pro_y,price_pro_m,24.17,29
pc_000714,sub_000398,cus_000398,2026-05-24,price_business_y,price_pro_m,82.5,29
pc_000715,sub_000424,cus_000424,2026-05-12,price_starter_m,price_starter_y,9,7.5
pc_000716,sub_000467,cus_000467,2026-05-25,price_business_y,price_business_m,82.5,99
pc_000717,sub_000529,cus_000529,2026-05-31,price_starter_m,price_business_m,9,99
pc_000718,sub_000568,cus_000568,2026-05-14,price_free,price_pro_m,0,29
pc_000719,sub_000593,cus_000593,2026-05-30,price_starter_m,price_starter_y,9,7.5
pc_000720,sub_000601,cus_000601,2026-05-12,price_business_y,price_enterprise_m,82.5,299
pc_000721,sub_000666,cus_000666,2026-05-25,price_starter_y,price_enterprise_m,7.5,299
pc_000722,sub_000840,cus_000839,2026-05-03,price_starter_y,price_enterprise_m,7.5,299
pc_000723,sub_000843,cus_000842,2026-05-16,price_pro_m,price_pro_y,29,24.17
pc_000724,sub_000938,cus_000937,2026-05-07,price_pro_m,price_starter_y,29,7.5
pc_000725,sub_000952,cus_000951,2026-05-25,price_starter_m,price_business_m,9,99
pc_000726,sub_000983,cus_000982,2026-05-06,price_pro_m,price_enterprise_m,29,299
pc_000727,sub_001127,cus_001124,2026-05-22,price_starter_y,price_pro_y,7.5,24.17
pc_000728,sub_001208,cus_001205,2026-05-30,price_pro_m,price_pro_y,29,24.17
pc_000729,sub_001225,cus_001222,2026-05-15,price_starter_m,price_starter_y,9,7.5
pc_000730,sub_001247,cus_001244,2026-05-03,price_starter_m,price_enterprise_m,9,299
pc_000731,sub_001263,cus_001260,2026-05-27,price_free,price_pro_m,0,29
pc_000732,sub_001423,cus_000512,2026-05-06,price_pro_m,price_starter_m,29,9
pc_000733,sub_001429,cus_001425,2026-05-20,price_pro_m,price_starter_y,29,7.5
pc_000734,sub_001452,cus_001448,2026-05-06,price_starter_m,price_pro_y,9,24.17
pc_000735,sub_001477,cus_001473,2026-05-30,price_enterprise_m,price_starter_m,299,9
pc_000736,sub_001556,cus_001552,2026-05-22,price_business_m,price_enterprise_m,99,299
pc_000737,sub_001574,cus_001570,2026-05-28,price_free,price_enterprise_m,0,299
pc_000738,sub_001580,cus_001576,2026-05-16,price_enterprise_m,price_starter_y,299,7.5
pc_000739,sub_001616,cus_001612,2026-05-15,price_business_y,price_enterprise_m,82.5,299
pc_000740,sub_001659,cus_001655,2026-05-18,price_pro_y,price_pro_m,24.17,29
pc_000741,sub_001703,cus_001699,2026-05-31,price_starter_m,price_pro_y,9,24.17
pc_000742,sub_001739,cus_001735,2026-05-26,price_starter_y,price_pro_y,7.5,24.17
pc_000743,sub_001776,cus_001772,2026-05-23,price_business_m,price_business_y,99,82.5
pc_000744,sub_001826,cus_001822,2026-05-30,price_starter_m,price_starter_y,9,7.5
pc_000745,sub_001827,cus_001823,2026-05-03,price_business_m,price_enterprise_m,99,299
pc_000746,sub_001856,cus_001852,2026-05-31,price_pro_m,price_business_m,29,99
pc_000747,sub_001917,cus_001912,2026-05-24,price_pro_m,price_enterprise_m,29,299
pc_000748,sub_002001,cus_001996,2026-05-05,price_starter_m,price_business_m,9,99
pc_000749,sub_002018,cus_002013,2026-05-09,price_starter_m,price_starter_y,9,7.5
pc_000750,sub_002026,cus_002021,2026-05-21,price_pro_m,price_pro_y,29,24.17
pc_000751,sub_002046,cus_002041,2026-05-08,price_business_m,price_enterprise_m,99,299
pc_000752,sub_002077,cus_002072,2026-05-16,price_enterprise_m,price_starter_y,299,7.5
pc_000753,sub_002088,cus_002083,2026-05-06,price_pro_m,price_business_y,29,82.5
pc_000754,sub_002130,cus_002125,2026-05-02,price_pro_m,price_starter_m,29,9
pc_000755,sub_002177,cus_002171,2026-05-29,price_starter_m,price_starter_y,9,7.5
pc_000756,sub_002254,cus_002248,2026-05-14,price_starter_m,price_business_y,9,82.5
pc_000757,sub_002345,cus_002339,2026-05-28,price_free,price_enterprise_m,0,299
pc_000758,sub_002402,cus_002396,2026-05-25,price_business_m,price_enterprise_m,99,299
pc_000759,sub_002408,cus_002402,2026-05-08,price_starter_m,price_enterprise_m,9,299
pc_000760,sub_002418,cus_002412,2026-05-26,price_pro_m,price_pro_y,29,24.17
pc_000761,sub_002453,cus_002447,2026-05-19,price_business_m,price_enterprise_m,99,299
pc_000762,sub_002513,cus_002507,2026-05-08,price_free,price_business_y,0,82.5
pc_000763,sub_002547,cus_002541,2026-05-17,price_starter_m,price_starter_y,9,7.5
pc_000764,sub_002639,cus_002633,2026-05-23,price_pro_m,price_enterprise_m,29,299
pc_000765,sub_002640,cus_002634,2026-05-15,price_business_y,price_enterprise_m,82.5,299
pc_000766,sub_002690,cus_002684,2026-05-20,price_business_m,price_enterprise_m,99,299
pc_000767,sub_002713,cus_002706,2026-05-20,price_starter_m,price_pro_y,9,24.17
pc_000768,sub_002832,cus_002825,2026-05-20,price_business_m,price_enterprise_m,99,299
pc_000769,sub_002863,cus_002856,2026-05-29,price_free,price_business_y,0,82.5
pc_000770,sub_002905,cus_002898,2026-05-13,price_free,price_starter_m,0,9
pc_000771,sub_002911,cus_002904,2026-05-03,price_free,price_pro_y,0,24.17
pc_000772,sub_002935,cus_002928,2026-05-06,price_starter_m,price_pro_m,9,29
pc_000773,sub_003118,cus_003111,2026-05-11,price_business_y,price_enterprise_m,82.5,299
pc_000774,sub_003133,cus_003126,2026-05-30,price_starter_m,price_pro_m,9,29
pc_000775,sub_003139,cus_003132,2026-05-24,price_business_m,price_enterprise_m,99,299
pc_000776,sub_003187,cus_003180,2026-05-03,price_enterprise_m,price_starter_m,299,9
pc_000777,sub_003305,cus_003298,2026-05-18,price_pro_y,price_business_m,24.17,99
pc_000778,sub_003432,cus_003425,2026-05-25,price_pro_y,price_business_y,24.17,82.5
pc_000779,sub_003471,cus_003464,2026-05-27,price_starter_m,price_starter_y,9,7.5
pc_000780,sub_003480,cus_003473,2026-05-14,price_pro_m,price_starter_m,29,9
pc_000781,sub_003507,cus_003500,2026-05-24,price_free,price_enterprise_m,0,299
pc_000782,sub_003560,cus_003553,2026-05-07,price_pro_y,price_enterprise_m,24.17,299
pc_000783,sub_003586,cus_003579,2026-05-15,price_starter_m,price_business_y,9,82.5
pc_000784,sub_003676,cus_003669,2026-05-31,price_business_m,price_enterprise_m,99,299
pc_000785,sub_003679,cus_003672,2026-05-16,price_starter_m,price_enterprise_m,9,299
pc_000786,sub_003693,cus_003686,2026-05-18,price_pro_m,price_enterprise_m,29,299
pc_000787,sub_003714,cus_003707,2026-05-10,price_starter_m,price_starter_y,9,7.5
pc_000788,sub_003722,cus_003715,2026-05-17,price_pro_m,price_enterprise_m,29,299
pc_000789,sub_003724,cus_003717,2026-05-26,price_free,price_business_y,0,82.5
pc_000790,sub_003752,cus_003745,2026-05-30,price_starter_m,price_business_m,9,99
pc_000791,sub_003757,cus_003750,2026-05-04,price_business_y,price_business_m,82.5,99
pc_000792,sub_000036,cus_000036,2026-06-29,price_free,price_enterprise_m,0,299
pc_000793,sub_000098,cus_000098,2026-06-08,price_starter_m,price_business_y,9,82.5
pc_000794,sub_000111,cus_000111,2026-06-09,price_starter_m,price_pro_m,9,29
pc_000795,sub_000165,cus_000165,2026-06-14,price_pro_y,price_starter_m,24.17,9
pc_000796,sub_000189,cus_000189,2026-06-17,price_enterprise_m,price_starter_y,299,7.5
pc_000797,sub_000264,cus_000264,2026-06-22,price_business_m,price_enterprise_m,99,299
pc_000798,sub_000333,cus_000333,2026-06-18,price_starter_m,price_pro_y,9,24.17
pc_000799,sub_000347,cus_000347,2026-06-12,price_business_y,price_pro_m,82.5,29
pc_000800,sub_000369,cus_000369,2026-06-25,price_pro_m,price_enterprise_m,29,299
pc_000801,sub_000419,cus_000419,2026-06-12,price_business_y,price_starter_m,82.5,9
pc_000802,sub_000429,cus_000429,2026-06-20,price_free,price_starter_m,0,9
pc_000803,sub_000464,cus_000464,2026-06-24,price_pro_m,price_starter_y,29,7.5
pc_000804,sub_000500,cus_000500,2026-06-18,price_starter_m,price_enterprise_m,9,299
pc_000805,sub_000529,cus_000529,2026-06-28,price_business_m,price_business_y,99,82.5
pc_000806,sub_000551,cus_000551,2026-06-06,price_pro_m,price_business_y,29,82.5
pc_000807,sub_000572,cus_000572,2026-06-25,price_pro_m,price_business_y,29,82.5
pc_000808,sub_000587,cus_000587,2026-06-04,price_free,price_starter_m,0,9
pc_000809,sub_000617,cus_000617,2026-06-25,price_business_m,price_pro_m,99,29
pc_000810,sub_000627,cus_000627,2026-06-21,price_starter_m,price_starter_y,9,7.5
pc_000811,sub_000641,cus_000641,2026-06-24,price_free,price_pro_m,0,29
pc_000812,sub_000679,cus_000679,2026-06-10,price_business_y,price_enterprise_m,82.5,299
pc_000813,sub_000777,cus_000776,2026-06-16,price_business_m,price_starter_y,99,7.5
pc_000814,sub_000851,cus_000850,2026-06-08,price_business_m,price_starter_m,99,9
pc_000815,sub_000863,cus_000862,2026-06-23,price_business_y,price_enterprise_m,82.5,299
pc_000816,sub_000881,cus_000880,2026-06-14,price_pro_m,price_business_m,29,99
pc_000817,sub_000938,cus_000937,2026-06-24,price_starter_y,price_business_y,7.5,82.5
pc_000818,sub_001042,cus_001039,2026-06-08,price_business_m,price_enterprise_m,99,299
pc_000819,sub_001045,cus_001042,2026-06-18,price_business_m,price_enterprise_m,99,299
pc_000820,sub_001127,cus_001124,2026-06-12,price_pro_y,price_enterprise_m,24.17,299
pc_000821,sub_001140,cus_001137,2026-06-07,price_starter_m,price_starter_y,9,7.5
pc_000822,sub_001159,cus_001156,2026-06-20,price_starter_m,price_starter_y,9,7.5
pc_000823,sub_001164,cus_001161,2026-06-12,price_pro_m,price_business_y,29,82.5
pc_000824,sub_001185,cus_001182,2026-06-25,price_starter_m,price_business_m,9,99
pc_000825,sub_001199,cus_001196,2026-06-29,price_starter_y,price_business_m,7.5,99
pc_000826,sub_001208,cus_001205,2026-06-21,price_pro_y,price_enterprise_m,24.17,299
pc_000827,sub_001322,cus_001319,2026-06-27,price_business_m,price_enterprise_m,99,299
pc_000828,sub_001458,cus_001454,2026-06-02,price_starter_y,price_business_m,7.5,99
pc_000829,sub_001519,cus_001515,2026-06-15,price_pro_m,price_starter_m,29,9
pc_000830,sub_001556,cus_001552,2026-06-17,price_enterprise_m,price_starter_y,299,7.5
pc_000831,sub_001562,cus_001558,2026-06-06,price_free,price_starter_m,0,9
pc_000832,sub_001578,cus_001574,2026-06-13,price_starter_m,price_starter_y,9,7.5
pc_000833,sub_001603,cus_001599,2026-06-02,price_starter_y,price_business_m,7.5,99
pc_000834,sub_001623,cus_001619,2026-06-28,price_starter_m,price_starter_y,9,7.5
pc_000835,sub_001628,cus_001624,2026-06-22,price_starter_y,price_business_m,7.5,99
pc_000836,sub_001664,cus_001660,2026-06-07,price_pro_m,price_business_m,29,99
pc_000837,sub_001745,cus_001741,2026-06-12,price_enterprise_m,price_business_y,299,82.5
pc_000838,sub_001786,cus_001782,2026-06-24,price_enterprise_m,price_business_y,299,82.5
pc_000839,sub_001866,cus_001862,2026-06-05,price_pro_m,price_enterprise_m,29,299
pc_000840,sub_001962,cus_001957,2026-06-04,price_free,price_pro_m,0,29
pc_000841,sub_001988,cus_001983,2026-06-05,price_free,price_pro_y,0,24.17
pc_000842,sub_001995,cus_001990,2026-06-29,price_starter_y,price_enterprise_m,7.5,299
pc_000843,sub_002018,cus_002013,2026-06-17,price_starter_y,price_starter_m,7.5,9
pc_000844,sub_002022,cus_002017,2026-06-05,price_pro_m,price_business_m,29,99
pc_000845,sub_002044,cus_002039,2026-06-23,price_pro_m,price_starter_m,29,9
pc_000846,sub_002064,cus_002059,2026-06-13,price_pro_m,price_starter_y,29,7.5
pc_000847,sub_002084,cus_002079,2026-06-25,price_pro_m,price_pro_y,29,24.17
pc_000848,sub_002095,cus_002090,2026-06-03,price_free,price_pro_y,0,24.17
pc_000849,sub_002223,cus_002217,2026-06-27,price_starter_m,price_enterprise_m,9,299
pc_000850,sub_002265,cus_002259,2026-06-21,price_free,price_business_y,0,82.5
pc_000851,sub_002349,cus_002343,2026-06-12,price_starter_m,price_starter_y,9,7.5
pc_000852,sub_002365,cus_002359,2026-06-10,price_pro_m,price_business_m,29,99
pc_000853,sub_002457,cus_002451,2026-06-15,price_free,price_starter_m,0,9
pc_000854,sub_002548,cus_002542,2026-06-14,price_business_m,price_enterprise_m,99,299
pc_000855,sub_002570,cus_002564,2026-06-11,price_pro_y,price_starter_m,24.17,9
pc_000856,sub_002574,cus_002568,2026-06-27,price_pro_m,price_business_m,29,99
pc_000857,sub_002826,cus_002819,2026-06-04,price_free,price_business_y,0,82.5
pc_000858,sub_002898,cus_002891,2026-06-28,price_enterprise_m,price_starter_y,299,7.5
pc_000859,sub_002915,cus_002908,2026-06-23,price_pro_m,price_business_m,29,99
pc_000860,sub_002928,cus_002921,2026-06-08,price_starter_m,price_business_y,9,82.5
pc_000861,sub_002972,cus_002965,2026-06-10,price_pro_m,price_business_y,29,82.5
pc_000862,sub_003027,cus_003020,2026-06-06,price_free,price_enterprise_m,0,299
pc_000863,sub_003049,cus_003042,2026-06-21,price_starter_m,price_starter_y,9,7.5
pc_000864,sub_003087,cus_003080,2026-06-19,price_free,price_business_m,0,99
pc_000865,sub_003163,cus_003156,2026-06-11,price_starter_m,price_pro_m,9,29
pc_000866,sub_003169,cus_003162,2026-06-16,price_free,price_enterprise_m,0,299
pc_000867,sub_003200,cus_003193,2026-06-27,price_business_m,price_enterprise_m,99,299
pc_000868,sub_003219,cus_003212,2026-06-23,price_free,price_enterprise_m,0,299
pc_000869,sub_003379,cus_003372,2026-06-06,price_starter_m,price_starter_y,9,7.5
pc_000870,sub_003410,cus_003403,2026-06-21,price_business_m,price_enterprise_m,99,299
pc_000871,sub_003424,cus_003417,2026-06-25,price_pro_y,price_business_y,24.17,82.5
pc_000872,sub_003447,cus_003440,2026-06-18,price_business_m,price_enterprise_m,99,299
pc_000873,sub_003455,cus_003448,2026-06-30,price_starter_m,price_business_y,9,82.5
pc_000874,sub_003525,cus_003518,2026-06-02,price_starter_m,price_starter_y,9,7.5
pc_000875,sub_003591,cus_003584,2026-06-23,price_pro_y,price_enterprise_m,24.17,299
pc_000876,sub_003614,cus_003607,2026-06-12,price_business_m,price_enterprise_m,99,299
pc_000877,sub_003639,cus_003632,2026-06-15,price_pro_m,price_business_m,29,99
pc_000878,sub_003654,cus_003647,2026-06-08,price_business_y,price_enterprise_m,82.5,299
pc_000879,sub_003684,cus_003677,2026-06-27,price_starter_m,price_business_y,9,82.5
pc_000880,sub_003776,cus_003769,2026-06-07,price_free,price_enterprise_m,0,299
pc_000881,sub_003786,cus_003779,2026-06-07,price_starter_m,price_starter_y,9,7.5
pc_000882,sub_003814,cus_003807,2026-06-29,price_pro_m,price_business_m,29,99
pc_000883,sub_003836,cus_003829,2026-06-27,price_free,price_enterprise_m,0,299
pc_000884,sub_003884,cus_003877,2026-06-05,price_starter_m,price_enterprise_m,9,299
pc_000885,sub_003895,cus_003888,2026-06-15,price_business_y,price_pro_m,82.5,29
pc_000886,sub_003928,cus_003920,2026-06-19,price_pro_m,price_business_y,29,82.5
pc_000887,sub_003947,cus_003939,2026-06-03,price_business_m,price_enterprise_m,99,299
pc_000888,sub_003990,cus_003982,2026-06-09,price_starter_m,price_business_y,9,82.5
pc_000889,sub_004036,cus_004028,2026-06-30,price_pro_m,price_business_m,29,99
pc_000890,sub_004104,cus_004096,2026-06-28,price_enterprise_m,price_starter_m,299,9
pc_000891,sub_004106,cus_004098,2026-06-17,price_pro_m,price_starter_m,29,9
pc_000892,sub_004122,cus_004114,2026-06-10,price_pro_m,price_business_m,29,99
pc_000893,sub_004171,cus_004163,2026-06-08,price_starter_y,price_enterprise_m,7.5,299
pc_000894,sub_004205,cus_004197,2026-06-28,price_business_m,price_enterprise_m,99,299
